company_id,isin,pd,net_profit_margin,debt_equity_ratio,volatility,asset_drift,ald_location
54,BE8647998675,0.4339384117629379,0.6884781823027879,0.9018877956550568,0.8468460808508098,0.016001460840925574,BE
94,TW4483641253,0.009834673721343279,0.34812490129843354,0.4971434725448489,0.23253862303681672,0.913756849244237,TW
2,MG8595876745,0.4567341769579798,0.9583756846841425,0.4902580198831856,0.8033435558900237,0.43752248701639473,MG
82,GQ6686718481,0.4443967652041465,0.6763512634206563,0.8475043489597738,0.8764158678241074,0.09478658647276461,GQ
30,MO2298722367,0.3291577526833862,0.40272975293919444,0.23947633360512555,0.06014117249287665,0.5935401751194149,MO
34,NI8919261413,0.05616398761048913,0.5465092146769166,0.033830405212938786,0.48212383803911507,0.6376363411545753,NI
5,AW3677659185,0.502680528210476,0.35849417792633176,0.4790966759901494,0.8900426749605685,0.49979639798402786,AW
47,TJ2715189866,0.08396415784955025,0.0728204152546823,0.2573515356052667,0.8018704142887145,0.4893995311576873,TJ
19,QA9512871721,0.866222309647128,0.2541649807244539,0.29991380777209997,0.20744613953866065,0.4902417028788477,QA
98,HT7289113265,0.1323993275873363,0.5713565703481436,0.6582825160585344,0.10918035358190536,0.8439989339094609,HT
46,RW2546229121,0.8124021510593593,0.9214283297769725,0.5053551010787487,0.9243212202563882,0.5898893759585917,RW
97,QA2712373886,0.8245504363439977,0.33751806686632335,0.6534801211673766,0.6439365509431809,0.45127167203463614,QA
89,HN7713314839,0.542885183589533,0.47729081683792174,0.6407887141685933,0.28166961017996073,0.7546858012210578,HN
36,MD6858322169,0.4434609482996166,0.5801862503867596,0.2563999143894762,0.6819067958276719,0.7720570508390665,MD
73,CV5211525457,0.3590015859808773,0.31488898932002485,0.5393764388281852,0.1690008535515517,0.508732374990359,CV
95,TF5997747412,0.5324502172879875,0.3618872235529125,0.780762275448069,0.5499007017351687,0.5338925281539559,TF
79,IR2922943629,0.8565303678624332,0.030804297886788845,0.046523263212293386,0.7387117410544306,0.8893242457415909,IR
38,CS8837311647,0.6386270755901933,0.5866373688913882,0.7002453680615872,0.6637998500373214,0.9608539883047342,CS
49,BZ4167523684,0.8943386874161661,0.42939373734407127,0.020974441897124052,0.8365392305422574,0.2694685934111476,BZ
34,HM6141752859,0.2785769277252257,0.3157391019631177,0.8975184604059905,0.3576100564096123,0.6881879221182317,HM
74,AX1124827485,0.4984734847676009,0.35921305348165333,0.21528788772411644,0.025163532001897693,0.1809683337341994,AX
65,MA1219487317,0.4716401332989335,0.051297808066010475,0.2382831743452698,0.4089915552176535,0.06014236970804632,MA
2,SJ6475616941,0.4728878759779036,0.5826107887551188,0.256416046526283,0.5606879538390785,0.24764148122631013,SJ
81,CO4287558899,0.0801246459595859,0.5755586477462202,0.2270238131750375,0.4701065602712333,0.32408702513203025,CO
83,JM6863881288,0.05222900351509452,0.8414459922350943,0.2003794456832111,0.23336242674849927,0.7425216517876834,JM
83,ZM8584128783,0.8749245114158839,0.7500094214919955,0.5661759849172086,0.14973683119751513,0.35289866058155894,ZM
73,TD5695842743,0.4136563534848392,0.01595289376564324,0.9166159655433148,0.8333254996687174,0.6628060967195779,TD
41,SB4428526788,0.5637271751184016,0.45228339126333594,0.16310770553536713,0.8880808702670038,0.48957647616043687,SB
45,XK1669563658,0.0604671617038548,0.02196220774203539,0.7795322961173952,0.5933388937264681,0.9041801099665463,XK
3,TG9477812893,0.5382777554914355,0.9363094212021679,0.6449221069924533,0.3835366112180054,0.8077213303185999,TG
19,NL6771337484,0.5083755487576127,0.08183987927623093,0.752032085089013,0.8442160726990551,0.5784595713485032,NL
87,BM4937822228,0.39487324305810034,0.8083452102728188,0.4656304055824876,0.289847488515079,0.42985260859131813,BM
64,BF2191237271,0.2469366944860667,0.5683767839800566,0.657566693611443,0.24838897725567222,0.9566348462831229,BF
83,LY6596556387,0.1473642757628113,0.7500801556743681,0.34015142265707254,0.4148717727512121,0.5877636158838868,LY
3,AS7943472562,0.8806479624472558,0.8454978235531598,0.36743797454982996,0.35498212766833603,0.9533117602113634,AS
97,JP9291997324,0.3311632559634745,0.3642537025734782,0.350817265920341,0.8517059001605958,0.3101082176435739,JP
87,PA8791494741,0.5636575019452721,0.33441358362324536,0.24988766969181597,0.10282704676501453,0.4346223874017596,PA
3,TH7775191322,0.8240743970964104,0.5555689670145512,0.13484021183103323,0.4510428230278194,0.967466228408739,TH
39,KM2694746444,0.4348005710635334,0.07006172160618007,0.9571100696921349,0.8844510146882385,0.5006765769794583,KM
18,KW1772684936,0.15952238952741027,0.17960995575413108,0.30977146956138313,0.2629382233135402,0.3785202354192734,KW
49,KP9369526832,0.5729488609358668,0.0975204361602664,0.020115911960601807,0.4960082462057471,0.604609091533348,KP
7,BA6213295575,0.761354131391272,0.6265296642668545,0.5390907044056803,0.11550940503366292,0.8711718253325671,BA
73,NR7418981852,0.13718695170246065,0.9602504945360124,0.8972471654415131,0.32588006695732474,0.27671110769733787,NR
67,MR8619128592,0.3116440074518323,0.1212037387304008,0.1752167409285903,0.5913193668238819,0.5548003665171564,MR
61,CV8969513946,0.04730634484440088,0.6002668186556548,0.771031484939158,0.925238358322531,0.870168753201142,CV
62,KW4599216471,0.1759555407334119,0.7131597963161767,0.32696494832634926,0.3305813956540078,0.6248701040167361,KW
46,YE9663567311,0.45744254044257104,0.6159396483562887,0.28497565002180636,0.11256157653406262,0.1814244503621012,YE
22,AR8417151699,0.2910129399970174,0.7222691290080547,0.5457103396765888,0.11316781328059733,0.4542338519822806,AR
41,BZ4891125912,0.8760991767048836,0.9614345245063305,0.03823181404732168,0.39884518715552986,0.4230137749109417,BZ
83,ZW4589318239,0.28033492784015834,0.15391774172894657,0.9062409603502601,0.1090036416426301,0.7619106161873788,ZW
83,IQ7116937551,0.7324457196518779,0.5526900936383754,0.2182400373276323,0.08019484695978463,0.3385542167816311,IQ
38,BA3219336178,0.6828861727844924,0.1405004169791937,0.5219052908942103,0.5599501656834036,0.28986890334635973,BA
33,JM3885971514,0.9987793371547014,0.26936740055680275,0.7848892970941961,0.3214622959494591,0.6185006350278854,JM
80,KM6772978855,0.1833828946109861,0.7824382761027664,0.30451467726379633,0.8975662447046489,0.2090502993669361,KM
67,AD4892511473,0.017744971672073007,0.9654570869170129,0.6545200212858617,0.3167354282923043,0.9875452464912087,AD
49,WS8566353246,0.4161175200715661,0.3333069887012243,0.39189638709649444,0.6412533565890044,0.4121723610442132,WS
33,KG7198927678,0.33358937012962997,0.9361982080154121,0.03029273869469762,0.9200865915045142,0.3196097898762673,KG
94,IN1158268399,0.5819232733920217,0.23345524235628545,0.26946130860596895,0.3191127101890743,0.2269764707889408,IN
98,HU4257255795,0.5166082789655775,0.6203803315293044,0.6279327487573028,0.2223550882190466,0.3699366976507008,HU
83,AD1558451277,0.8561406915541738,0.4989146809093654,0.6394748107995838,0.49361719097942114,0.27709017833694816,AD
49,R29662215574,0.42711650975979865,0.5845939260907471,0.5208983754273504,0.9811313461977988,0.5796595325227827,R2
45,PE5133736847,0.010494883870705962,0.1237517197150737,0.7417962239123881,0.19734502886421978,0.5404906391631812,PE
41,AE3743154227,0.2551910092588514,0.7000727483537048,0.12843059049919248,0.2075419328175485,0.7936082761734724,AE
14,BH5987314121,0.343447596533224,0.7152273245155811,0.5514131088275462,0.8108197669498622,0.6052920250222087,BH
75,AM9891719486,0.7792924414388835,0.5861892763059586,0.3254893908742815,0.5179757687728852,0.7139319591224194,AM
64,CS3351572236,0.09897637157700956,0.6771474678535014,0.16587576433084905,0.427114293910563,0.9796532671898603,CS
2,VE4782163563,0.8406197750009596,0.26871910877525806,0.42374870809726417,0.471148133976385,0.5203312521334738,VE
90,NF9223388138,0.376484943786636,0.582503529265523,0.31607107794843614,0.6142684444785118,0.9857327290810645,NF
84,BD6911821474,0.8688198085874319,0.45701606827788055,0.7326328719500452,0.8392806458286941,0.549696191214025,BD
35,LC2213975565,0.5034202495589852,0.6048500859178603,0.5814075341913849,0.3735614374745637,0.6139678177423775,LC
44,BN1446483576,0.6682141462806612,0.8875869195908308,0.31513794884085655,0.14077112125232816,0.8222811601590365,BN
75,IT3466971362,0.22066684090532362,0.5413563384208828,0.0077577747870236635,0.23114777565933764,0.28792288969270885,IT
79,JP5622158578,0.5957211561035365,0.41167475609108806,0.9181365824770182,0.7905184703413397,1.8042372539639473e-4,JP
30,TV8756938387,0.24896678631193936,0.11105183931067586,0.30892520444467664,0.9161208900623024,0.06468143267557025,TV
27,SC4178941455,0.42498419410549104,0.11214177287183702,0.00998310698196292,0.21269507356919348,0.03888841578736901,SC
41,KH2443986796,0.8146282320376486,0.22101688128896058,0.9693928528577089,0.9826706524472684,0.211178784025833,KH
82,BS4323124143,0.5324451490305364,0.6498403488658369,0.923274633474648,0.6400222468655556,0.8186298229265958,BS
27,GQ9237217159,0.18158339080400765,0.6752552802208811,0.8066912316717207,0.6771481819450855,0.20258374698460102,GQ
75,AQ7663915688,0.001472374191507697,0.5409999964758754,0.41054850607179105,0.4807704174891114,0.3912115420680493,AQ
27,MZ7622745125,0.20876765926368535,0.2511359623167664,0.4357752203941345,0.19165148376487195,0.40519044385291636,MZ
83,PM5331896777,0.8414426716044545,0.3272945270873606,0.7873011701740324,0.4115897554438561,0.1558222563471645,PM
18,FK6249778397,0.8411681915167719,0.8833621013909578,0.45720536122098565,0.5051333885639906,0.22101517766714096,FK
7,CO9757442825,0.7700606046710163,0.7025549933314323,0.3709806560073048,0.7147502759471536,1.764693297445774e-5,CO
27,ST4546743421,0.31186174135655165,0.584079738939181,0.5518514839932323,0.2922910687047988,0.19822165602818131,ST
38,AW2378684655,0.17955684079788625,0.7709514403250068,0.4079856132157147,0.4665513422805816,0.37735115457326174,AW
62,IQ2542785454,0.5282627034466714,0.5233060433529317,0.004684411454945803,0.06974597997032106,0.32422020728699863,IQ
79,CA8995737657,0.3119633002206683,0.7452027397230268,3.807651810348034e-4,0.26503713498823345,0.11598672694526613,CA
67,AF7279264677,0.04576372797600925,0.8052253529895097,0.8509486964903772,0.861416686559096,0.8345583616755903,AF
33,AX9551163912,0.04855679371394217,0.37341067497618496,0.9129372874740511,0.11890675127506256,0.3412503730505705,AX
19,GS3719281582,0.1689147858414799,0.7674856870435178,0.13379871589131653,0.6311261912342161,0.7167941194493324,GS
35,PA7345191431,0.9249802096746862,0.4306309185922146,0.12275790027342737,0.9052489488385618,0.6713590561412275,PA
73,GW2332449492,0.14144310262054205,0.24418054707348347,0.3066004985012114,0.0096084070391953,0.4915560756344348,GW
81,BM3862951145,0.5342407147400081,0.36238350556232035,0.12050850410014391,0.891869711689651,0.4981657762546092,BM
62,GQ2594496482,0.6674072307068855,0.25622198008932173,0.7954444347415119,0.5142441426869482,0.9546853557694703,GQ
2,R26948154473,0.5528642046265304,0.2861722542438656,0.6062497482635081,0.993463922990486,0.13856516662053764,R2
35,MH7979158923,0.797464644536376,0.704245284665376,0.8293348988518119,0.4187691672705114,0.09741029352881014,MH
32,FO7652935245,0.7215436571277678,0.9134129162412137,0.0813684412278235,0.9030279910657555,0.5557652006391436,FO
75,SG7528289987,0.8402577927336097,0.15210977662354708,0.1655831711832434,0.1884659077040851,0.8489125017076731,SG
94,PR2312739692,0.1786464313045144,0.7886500349268317,0.5252129044383764,0.6517603925894946,0.424585236934945,PR
47,SR9352321658,0.7703364624176174,0.61080950521864,0.9912748471833766,0.8807436316274107,0.5850595810916275,SR
45,GU1911388878,0.19571448932401836,0.6993897059001029,0.5714898617006838,0.6052724497858435,0.8452157876454294,GU
97,CM9417912989,0.41849329182878137,0.28933660383336246,0.4484998614061624,0.5711538668256253,0.9338325140997767,CM
41,TV1275298376,0.13066728203557432,0.9917592606507242,0.9639426087960601,0.5981172060128301,0.7992547950707376,TV
94,VA7378255352,0.2008944139815867,0.49412518413737416,0.12747558299452066,0.6668587229214609,0.47080558561719954,VA
81,IN8676548911,0.2659170855768025,0.0736945834942162,0.20826006098650396,0.9969104188494384,0.4531443058513105,IN
62,UA5983586516,0.029100903077051044,0.1460614874958992,0.46003116271458566,0.6292135855183005,0.8497171588242054,UA
87,AR4417146969,0.29645081027410924,0.2784402631223202,0.5635979610960931,0.037735798163339496,0.29067779146134853,AR
44,VG1291559879,0.8734811923932284,0.7682676899712533,0.2890048837289214,0.8634149341378361,0.8503623218275607,VG
75,CO2957794575,0.15007516811601818,0.1910125317517668,0.3993460605852306,0.9294264174532145,0.5379386155400425,CO
5,GR9252379521,0.5417152086738497,0.21887281071394682,0.16212675510905683,0.8910595860797912,0.5510198008269072,GR
97,TR4831671542,0.6982671683654189,0.18626679177396,0.553596721496433,0.5630076297093183,0.5587878343649209,TR
83,PH6185455161,0.031587364384904504,0.8396681356243789,0.9230999976862222,0.5391278129536659,0.5253794377204031,PH
79,ST2152434337,0.42774919141083956,0.7117164840456098,0.6653310703113675,0.83647599699907,0.4005250984337181,ST
44,DK4535752424,0.28637445950880647,0.4479542982298881,0.9535679889377207,0.5470283702015877,0.720443005207926,DK
36,CR3538982379,0.6577482775319368,0.8274094322696328,0.667938998201862,0.12634202488698065,0.026031370973214507,CR
54,MV3319564626,0.2908139517530799,0.6692177699878812,0.06307222531177104,0.023518697824329138,0.8142433217726648,MV
18,LU5786793854,0.9344260336365551,0.9995062588714063,0.3675897400826216,0.6460590516217053,0.975875643780455,LU
5,MC3858825799,0.914345475146547,0.5959842021111399,0.06669317744672298,0.31355845276266336,0.41585136903449893,MC
32,RE3417825826,0.12090247357264161,0.8627005380112678,0.5779853493440896,0.905485947150737,0.9531955511774868,RE
18,FM2924914649,0.3797071794979274,0.2163186240941286,0.05526166153140366,0.01779217761941254,0.24458148167468607,FM
82,BZ8282932658,0.5196323567070067,0.7112671814393252,0.962764210999012,0.5298779599834234,0.7397136923391372,BZ
65,PT3716814248,0.17524275020696223,0.3644386655651033,0.3531061701942235,0.39359988854266703,0.23568283044733107,PT
47,GF4918498494,0.9185099687892944,0.6676891890820116,0.10476918402127922,0.2448578525800258,0.45981041016057134,GF
19,WS4781537517,0.681874772766605,0.0201922042760998,0.2162542692385614,0.9527823571115732,0.06873035011813045,WS
7,UM7131834494,0.122911635087803,0.934513600775972,0.6153147029690444,0.7505727694369853,0.042293134378269315,UM
87,NL7695915797,0.9660976037848741,0.49511020397767425,0.47536100447177887,0.8062901005614549,0.757004066137597,NL
26,ZM6151727487,0.7219804374035448,0.7422067779116333,0.3821428574156016,0.9431332817766815,0.16431847191415727,ZM
97,MZ9866569867,0.027033307123929262,0.9632397384848446,0.8385245322715491,0.8607397731393576,0.7714604430366307,MZ
79,TR2219877477,0.5184801463037729,0.49628826207481325,0.4741761814802885,0.5653145557735115,0.3910801438614726,TR
5,SN8522812956,0.6036787861958146,0.6969735934399068,0.8925545532256365,0.008758391253650188,0.0031840563751757145,SN
47,TK6946462478,0.6073742534499615,0.34419816359877586,0.46919303364120424,0.8008694588206708,0.7797246782574803,TK
61,PK2429755237,0.3436238616704941,0.04618460638448596,0.16216867952607572,0.7748112285044044,0.039760625921189785,PK
98,VG8267491169,0.28284032875671983,0.23852673429064453,0.5305229937657714,0.625395153881982,0.41616532765328884,VG
32,LB3157978131,0.17877172911539674,0.5056961600203067,0.5679231798276305,0.39466883428394794,0.4421060257591307,LB
80,SI6819545586,0.9590455987490714,0.3149112625978887,0.0437133798841387,0.03962296852841973,0.09775936929509044,SI
94,ID1831469227,0.2656352964695543,0.2539776728954166,0.9566498543135822,0.7075638906098902,0.030436130706220865,ID
49,NC1367723528,0.8291208848822862,0.541122944559902,0.6495217396877706,0.7079539101105183,0.7235849376302212,NC
44,SM5851313677,0.7464520779903978,0.811503142118454,0.4509273786097765,0.7243521972559392,0.5743067120201886,SM
45,TL8598863434,0.7973387308884412,0.7904432960785925,0.40708759101107717,0.5329187605530024,0.4765133270993829,TL
27,BF5324331393,0.9266718081198633,0.42630865960381925,0.18693597544915974,0.9419144745916128,0.9969646523240954,BF
19,KY7834245882,0.5571146288421005,0.31943857250735164,0.9227796895429492,0.2686687004752457,0.30548798968084157,KY
44,DO8194157961,0.9644047059118748,0.8992904347833246,0.4106172267347574,0.7078525335527956,0.5393097482156008,DO
7,ID8419812519,0.25024358183145523,0.15390028851106763,0.609287844505161,0.5104921576566994,0.5584911515470594,ID
30,SC7974674712,0.8609111285768449,0.013367986073717475,0.9336007600650191,0.2617309372872114,0.1531240118201822,SC
94,HU4234758566,0.6894855645950884,0.817640635650605,0.2825380109716207,0.13012037985026836,0.9428057242184877,HU
61,SZ8855617181,0.7608357614371926,0.5292790057137609,0.9535446644295007,0.9131811282131821,0.13774007465690374,SZ
79,LK5628298264,0.6488941987045109,0.6775126759894192,0.6786532511468977,0.7672429159283638,0.6753903776407242,LK
97,MF8467496498,0.279878267319873,0.4293100570794195,0.43003741349093616,0.048050085781142116,0.7145734231453389,MF
90,CA8522799598,0.9861028313171118,0.9512059357948601,0.17703937273472548,0.5423737617675215,0.6730978977866471,CA
38,MA3325645962,0.2793370650615543,0.145098892506212,0.8399027790874243,0.12511088978499174,0.045175285544246435,MA
41,DM3782289984,0.008613438811153173,0.5706676142290235,0.632763406727463,0.8914593409281224,0.04395918967202306,DM
54,SV1484275276,0.14621908660046756,0.9270011261105537,0.7269223942421377,0.6147051162552088,0.7199254448059946,SV
64,GP5638818332,0.30694923736155033,0.9053780804388225,0.6938049476593733,0.42198767117224634,0.971787731628865,GP
45,BM1555773364,0.07044100714847445,0.21684145368635654,0.4132201727479696,0.341692010872066,0.9469409952871501,BM
75,MQ9319878361,0.9112742545548826,0.19885130389593542,0.6363090539816767,0.9617450523655862,0.9037916094530374,MQ
7,TZ6128216629,0.3057388933375478,0.6080715220887214,0.88868154771626,0.31900508888065815,0.06815848406404257,TZ
81,GL8584762231,0.4236999510321766,0.8656503052916378,0.5094738742336631,0.8538135080598295,0.698045990196988,GL
81,GA4571896915,0.9465113850310445,0.2284967740997672,0.45358465937897563,0.6644003321416676,0.08604002487845719,GA
98,GL2881311666,0.9160324663389474,0.8467621125746518,0.3079351333435625,0.668040107935667,0.3806508034467697,GL
30,CR1216586333,0.033617602195590734,0.7726388773880899,0.9086745714303106,0.7765062707476318,0.6008411790244281,CR
39,SS9344875326,0.8229874570388347,0.014291169354692101,0.7361725186929107,0.5562886556144804,0.5422657046001405,SS
34,AX2356977585,0.3421106687746942,0.9411446182057261,0.1440135387238115,0.14818115392699838,0.6036579192150384,AX
7,NO4831598427,0.5112032208126038,0.1539418117608875,0.24019008176401258,0.5378614258952439,0.7725784967187792,NO
75,CL2484475214,0.8719124493654817,0.7077043042518198,0.19100019871257246,0.4591766207013279,0.6307220049202442,CL
32,CD3191336638,0.7122951485216618,0.04645783291198313,0.7229460789822042,0.9074251023121178,0.15422963327728212,CD
28,CW1693383885,0.1787094515748322,0.9508991008624434,0.9467563764192164,0.13387237722054124,0.08560195239260793,CW
73,PR1563837361,0.2201882000081241,0.7914940775372088,0.7568526493851095,0.23884634394198656,0.06664736708626151,PR
89,KW5544584149,0.2139750716742128,0.6765460013411939,0.2297059439588338,0.37460162164643407,0.7056535517331213,KW
19,MH5393616495,0.9896643466781825,0.4502076143398881,0.9410666942130774,0.9705077179241925,0.47068695444613695,MH
5,KI4121929276,0.7859751074574888,0.1106423307210207,0.9653044168371707,0.2891151325311512,0.9008880283217877,KI
18,NF5945215617,0.5272885062731802,0.4734857187140733,0.049150753766298294,0.8745876881293952,0.13353219698183239,NF
87,IL1437662318,0.5960158742964268,0.009101894684135914,0.9864705605432391,0.764544407138601,0.6591259688138962,IL
61,ET2883282347,0.794113109819591,0.3853477684315294,0.24200978060252964,0.2492068805731833,0.29534489614889026,ET
87,GG4926499693,0.5267902514897287,0.3524569980800152,0.8366841420065612,0.16525730909779668,0.4410959705710411,GG
35,MZ5758637778,0.7241855680476874,0.815135755809024,0.3832523957826197,0.49826274043880403,0.41599165135994554,MZ
38,R23611598823,0.7041888041421771,0.8070010419469327,0.5129668989684433,0.11394036724232137,0.805245972238481,R2
81,LS8539948343,0.37131562386639416,0.22646352206356823,0.6108595097903162,0.04900612425990403,0.3820158571470529,LS
47,JM1914668177,0.9474142869003117,0.1339305522851646,0.631833505583927,0.6899909961502999,0.8838027981109917,JM
7,SI2656625933,0.027163288556039333,0.635627125389874,0.16676932177506387,0.27700662915594876,0.5464435194153339,SI
34,SD4117177681,0.5420820927247405,0.14334296924062073,0.9531056995037943,0.23174059693701565,0.8649634965695441,SD
39,ER7851326782,0.08700036583468318,0.45243002008646727,0.8182259341701865,0.7420806817244738,0.9702072660438716,ER
62,VC8446634366,0.6090686682146043,0.5703856190666556,0.11567103234119713,0.10105466400273144,0.049973691115155816,VC
79,BF7766258223,0.13871452631428838,0.03261685976758599,0.3614747291430831,0.9373958909418434,0.8943636997137219,BF
90,KY6679418499,0.20824069087393582,0.701567345065996,0.6479659490287304,0.6427317138295621,0.7237806243356317,KY
26,LR5949632688,0.8205824785400182,0.8072258881293237,0.5759698213078082,0.9635536649730057,0.21458163694478571,LR
90,UY7633823575,0.9422270227223635,0.8692133494187146,0.7360983001999557,0.8572429970372468,0.08220061077736318,UY
30,NO6822622433,0.8490780899301171,0.953561794012785,0.605976433493197,0.5387947205454111,0.7416125123854727,NO
36,KI4855922825,0.7396980235353112,0.5827091247774661,0.25028406362980604,0.36382716661319137,0.2983211444225162,KI
81,UM8641757423,0.32601745380088687,0.6683536653872579,0.2763828639872372,0.7616789755411446,0.4231721793767065,UM
38,MP7917327377,0.3685671512503177,0.2063116547651589,0.029774516820907593,0.13613622006960213,0.3446712694130838,MP
83,BL3644534728,0.36544753797352314,0.530287719797343,0.7598447815980762,0.9285819309297949,0.7558979336172342,BL
87,AT7241582845,0.20045661111362278,0.13060813513584435,0.5494377976283431,0.30993065726943314,0.6457938894163817,AT
67,SC1799722617,0.8442581850104034,0.32722679479047656,0.20139898359775543,0.0718672948423773,0.9585258672013879,SC
65,IL2267714783,0.7674213245045394,0.8354666233062744,0.2037149693351239,0.4723280805628747,0.3407120720949024,IL
95,CF8671518734,0.47176887607201934,0.3685605521313846,0.3693823853973299,0.7650263532996178,0.8995888195931911,CF
26,ZW4942384144,0.5562168590258807,0.9470586935058236,0.18767480389215052,0.32102884724736214,0.9041018595453352,ZW
32,WF6511935658,0.43274143361486495,0.7812009849585593,0.6440381491556764,0.11612965865060687,0.8130365055985749,WF
7,NL9419676156,0.8988077435642481,0.04023988055996597,0.9223624994046986,0.8857112696859986,0.06666525173932314,NL
84,UZ9974655192,0.8685346022248268,0.1485337265767157,0.29924293467774987,0.6602801750414073,0.7539391228929162,UZ
62,TL3789379912,0.23444837261922657,0.9661673724185675,0.5742339254356921,0.6204788661561906,0.04144931258633733,TL
1,MN4514284457,0.7416704492643476,0.7765904469415545,0.5349784432910383,0.6315546727273613,0.6740502661559731,MN
1,FI1846567468,0.8005560464225709,0.8527393355034292,0.5890061352401972,0.8677725575398654,0.36958448588848114,FI
7,ML3745813814,0.07116377702914178,0.2893262233119458,0.18948469148017466,0.5391792254522443,0.5739616409409791,ML
64,CF2982626334,0.45328391063958406,0.35710722859948874,0.49236552231013775,0.30226146918721497,0.4957185401581228,CF
44,TO2796582799,0.23014086904004216,0.7206040001474321,0.40290307998657227,0.3309308853931725,0.11402340210042894,TO
44,AW6864668539,0.714557183906436,0.16009859810583293,0.6640320951119065,0.9191197603940964,0.5857387194409966,AW
47,PL8378571699,0.19771399721503258,0.21737535344436765,0.11710235197097063,0.20423000608570874,0.6031653636600822,PL
62,LC9451722651,0.9708209186792374,0.9247607823926955,0.5645650697406381,0.700976055348292,0.748818094143644,LC
54,PF8829374171,0.043991029961034656,0.24840184394270182,0.38271818798966706,0.8690772256813943,0.7178183190990239,PF
36,BO5671413315,0.25259405351243913,0.1793303124140948,0.6295513489749283,0.43936172500252724,0.5052600661292672,BO
19,TR9467632271,0.932035458739847,0.2418148280121386,0.9526194212958217,0.8395053131971508,0.6874060200061649,TR
39,MD6218575379,0.8719137336593121,0.2616344140842557,0.21304901968687773,0.09435941115953028,0.905729629099369,MD
83,SC1911632184,0.383862161077559,0.593002523528412,0.32372376322746277,0.3689307509921491,0.5382906242739409,SC
45,IT4241572192,0.3615755415521562,0.3383422016631812,0.3086633626371622,0.8439049983862787,0.7909068460576236,IT
90,FI8155693841,0.9561323227826506,0.5139310916420072,0.49367175344377756,0.8882769048213959,0.09979250328615308,FI
94,DE5376116237,0.10791620635427535,0.5811348338611424,0.4321220377460122,0.8962463703937829,0.6282033699098974,DE
67,R25319272622,0.16329757939092815,0.5794282797724009,0.1467081990558654,0.32003037445247173,0.7438880268018693,R2
67,AS3747329257,0.866612164536491,0.03701678034849465,0.0905080665834248,0.5359554784372449,0.01262728963047266,AS
26,BG7621468246,0.48652636306360364,0.6697717166971415,0.3318111898843199,0.6228511140216142,0.5623115235939622,BG
81,PY3675463635,0.024714431958273053,0.8470367006957531,0.44895013119094074,0.5033611594699323,0.4576238088775426,PY
84,BD9676432182,0.8799554894212633,0.4128793568816036,0.9852490958292037,0.5373768738936633,0.8802428010385484,BD
14,NO1598114826,0.5104670277796686,0.4852047860622406,0.11336378520354629,0.9098337285686284,0.9449738538824022,NO
95,NI6832757467,0.046221398282796144,0.27053383458405733,0.7005295741837472,0.015966332284733653,0.7844480883795768,NI
82,IT2599258856,0.8075548361521214,0.8829351065214723,0.017308871494606137,0.4626699776854366,0.5636778483167291,IT
87,DK6982816743,0.2785608321428299,0.318889822345227,0.9242362207733095,0.3238551279064268,0.2842393696773797,DK
5,UA7441482311,0.7019518595188856,0.9078561661299318,0.1539818705059588,0.7647984148934484,0.17993179894983768,UA
74,TD8326422979,0.5164594384841621,0.6633548380341381,0.31823711353354156,0.5347909135743976,0.48478537471964955,TD
36,1Q9875251561,0.040801040129736066,0.14417454320937395,0.8825784511864185,0.9834839289542288,0.37475521652959287,1Q
73,BZ5961635294,0.37082760967314243,0.7333564241416752,0.6410731337964535,0.1142545526381582,0.5321170997340232,BZ
82,ZA4995841983,0.259298509452492,0.3500230605714023,0.4303554662037641,0.9550820614676923,0.6999234785325825,ZA
50,LB1826691515,0.4184472013730556,0.6772885064128786,0.841784187592566,0.5252183601260185,0.6407367601059377,LB
83,KE4165494996,0.7737459386698902,0.6522785532288253,0.5038482821546495,0.3525884512346238,0.5502199891488999,KE
67,AZ9147644572,0.027612747624516487,0.8255898668430746,0.5947853669058532,0.626521070022136,0.8967603461351246,AZ
89,CM5999885485,0.43602336780168116,0.3850122222211212,0.028440167428925633,0.47113592782989144,0.09086401690728962,CM
64,PM7371963275,0.4172454886138439,0.566524273250252,0.6276368994731456,0.222744794562459,0.07245827955193818,PM
2,IT1177246686,0.9270782566163689,0.1075572925619781,0.17523529357276857,0.6738275208044797,0.003936220426112413,IT
14,MG2955528645,0.13050015666522086,0.8658474059775472,0.9051940119825304,0.795184435788542,0.5006705259438604,MG
89,KY3595347536,0.7377519637811929,0.6266971505247056,0.5152483573183417,0.587675237795338,0.19101898651570082,KY
73,DE5894471389,0.5351393294986337,0.9085906962864101,0.16327921743504703,0.17429647408425808,0.5835858427453786,DE
81,BN5928641725,0.4648291110061109,0.6904860348440707,0.24283922463655472,0.9545538099482656,0.29456320754252374,BN
47,NL2526835244,0.9537546467036009,0.38226263737306,0.650954264216125,0.8965603257529438,0.21106677502393723,NL
87,SH1352115745,0.5821687183342874,0.9875818071886897,0.15039100707508624,0.6547930485103279,0.44385639298707247,SH
33,LT6192871281,0.1324477195739746,0.5239525488577783,0.4625651154201478,0.9511796133592725,0.4729450913146138,LT
14,JM5795924324,0.9604188995435834,0.6755989624653012,0.4300414358731359,0.3779307724907994,0.25416338816285133,JM
1,UM4715531414,0.31827697018161416,0.03706570318900049,0.631333781639114,0.9104663138277829,0.45289517915807664,UM
83,CS5286193838,0.8884386657737195,0.7933440147899091,0.02926552714779973,0.4394353306852281,0.8513901794794947,CS
84,HR3857444384,0.8892581632826477,0.9261142297182232,0.8130248568486422,0.155917395837605,0.2472127820365131,HR
19,LT1791784727,0.1064903347287327,0.9530561456922442,0.4982859438750893,0.3340294654481113,0.9887315286323428,LT
65,SJ2156471436,0.34952210006304085,0.4396508422214538,0.7036799213383347,0.7876462591812015,0.4911184736993164,SJ
61,SC5569677872,0.008617400657385588,0.4335184209048748,0.503199805971235,0.027431963942945004,0.31249637086875737,SC
35,AD4177296416,0.8262191663961858,0.33975589741021395,0.9745933772064745,0.9010212456341833,0.6507173604331911,AD
1,SM5488731217,0.7270931773819029,0.8164145788177848,0.6872462241444737,0.7244116889778525,0.617977206595242,SM
62,EH9769417128,0.6228826511651278,0.449955090880394,0.9934999095275998,0.9068535545375198,0.5729490080848336,EH
80,UZ7757896849,0.8030967607628554,0.7316577830351889,0.9859959364403039,0.5104162970092148,0.11221323115751147,UZ
79,GA3398838699,0.3213714915327728,0.11140114441514015,0.2862989385612309,0.5101075582206249,0.15478266775608063,GA
49,AF4925211679,0.70435298117809,0.6988209902774543,0.06432070233859122,0.07122512254863977,0.8330166735686362,AF
81,KE4764666697,0.31640443950891495,0.8016380851622671,0.4938264989759773,0.7024346590042114,0.10368572920560837,KE
99,HT6619847216,0.6203028876334429,0.6555876974016428,0.21214399090968072,0.09221764793619514,0.9702940513379872,HT
3,PK5937446744,0.21119656693190336,0.31355971097946167,0.15796902542933822,0.018594150664284825,0.5444631148129702,PK
94,CH5726934883,0.10589266498573124,0.033554897643625736,0.4354778821580112,0.19533488270826638,0.3288445849902928,CH
98,RU6772842182,0.42283293744549155,0.41986966133117676,0.36987597425468266,0.9024252879898995,0.7401951763313264,RU
79,MZ2774442881,0.3535716433543712,0.8226069353986531,0.4187323960941285,0.8398642968386412,0.2391679014544934,MZ
49,CL8437433466,0.9166953614912927,0.3187460843473673,0.6327456734143198,0.03587025939486921,0.3528967385645956,CL
7,TR2686697521,0.7752481359057128,0.20413982076570392,0.012974502751603723,0.4973258569370955,0.08798867976292968,TR
81,KR8146926181,0.7726385574787855,0.677092504221946,0.3030668250285089,0.10655412892811,0.6038187579251826,KR
65,TD1578641419,0.7646675847936422,0.477959216106683,0.04720665328204632,0.126211560331285,0.6439889043103904,TD
2,BT3493553564,0.3231643815524876,0.06692316033877432,0.3196112816222012,0.6691896338015795,0.7568724357988685,BT
75,TF7287914873,0.2921265468467027,0.6162875674199313,0.4383997041732073,0.0229005953297019,0.9008601575624198,TF
34,KZ7366929587,0.23980397498235106,0.07215838832780719,0.34965805266983807,0.4447879372164607,0.5305994136724621,KZ
14,OM9367148185,0.5832607883494347,0.8544534933753312,0.48384960065595806,0.4137286595068872,0.58243940747343,OM
95,UG5745589152,0.5550123897846788,0.40012176777236164,0.29416157049126923,0.6694005052559078,0.6790919313207269,UG
50,MG6386773291,0.20135755254887044,0.9594482984393835,0.8493906131479889,0.5717924840282649,0.42265049694105983,MG
89,VG5298927631,0.21503932122141123,0.06333099654875696,0.5734100958798081,0.09387799329124391,0.9930016277357936,VG
94,GL4839882239,0.4802310678642243,0.11416328651830554,0.8118112105876207,0.629263307666406,0.611966808559373,GL
7,NA5358983538,0.9245704994536936,0.7778716173488647,0.04598276922479272,0.09346454124897718,0.3369674205314368,NA
44,LB9232135867,0.005907966988161206,0.23123328224755824,0.9577771998010576,0.08372045261785388,0.718902274267748,LB
65,HT4634871525,0.49764444725587964,0.17812385922297835,0.5199337978847325,0.18841715529561043,0.39864375023171306,HT
18,LS9654651694,0.36849835398606956,0.3912118293810636,0.2770479612518102,0.04642217047512531,0.8324695348273963,LS
3,EH2651247599,0.5302722344640642,0.2891025012359023,0.9140346336644143,0.8292046207934618,0.7784804480616003,EH
50,IL8545114916,0.06297837267629802,0.6397792757488787,0.5669754014816135,0.5166060370393097,0.5964062842540443,IL
5,IS8855999428,0.9555164456833154,0.12518078298307955,0.07147345691919327,0.8005885072052479,0.9935430565383285,IS
94,IE3452916964,0.8674538533668965,0.26471562194637954,0.5415892323944718,0.42413681000471115,0.19444680493324995,IE
49,HR8691213268,0.28728308342397213,0.6342895689886063,0.16329794190824032,0.5779947729315609,0.01187339355237782,HR
32,SR8854352982,0.7066949296277016,0.5096064859535545,0.06163310701958835,0.3393920660018921,0.3722436726093292,SR
99,LK8678666228,0.8676858569961041,0.5004076077602804,0.8017426026053727,0.19078404176980257,0.05457510054111481,LK
44,TT5613594726,0.0056809186935424805,0.8675844494719058,0.23746952111832798,0.8951344229280949,0.7214217430446297,TT
75,JP6283778749,0.15098996390588582,0.1868970945943147,0.7997515262104571,0.21841686102561653,0.8731869501061738,JP
7,TM9612714893,0.2832422745414078,0.7301843003369868,0.563430845271796,0.6375342509709299,0.32791438256390393,TM
39,CS3216233242,0.19211381883360445,0.7821188741363585,0.4407204291783273,0.6228752671740949,0.4514749413356185,CS
74,AQ6397536932,0.008549647172912955,0.7352418375667185,0.2946330229751766,0.13567500677891076,0.6094953792635351,AQ
32,ES9964557491,0.26146371592767537,0.3176264862995595,0.39347365545108914,0.34093899792060256,0.648228477453813,ES
47,MQ7917742553,0.1645113923586905,0.5270399583969265,0.11776741151697934,0.18813981395214796,0.2424425862263888,MQ
73,PE5792573435,0.9213187443092465,0.78783818101510406,0.4547913302667439,0.24581781029701233,0.028202076675370336,PE
32,CK4358711456,0.9704888404812664,0.1659832566510886,0.48408399149775505,0.388503294903785,0.6552006676793098,CK
75,LI3422387712,0.9759409388061613,0.4442456520628184,0.11541624972596765,0.09645121428184211,0.9653748099226505,LI
47,DM6988147132,0.37751106987707317,0.42368560028262436,0.8787779889535159,0.4166462372522801,0.2982518789358437,DM
26,CS7161589134,0.630563828162849,0.46877009444870055,0.5208943353500217,0.21818830887787044,0.1182803981937468,CS
99,BB2738217284,0.5243819404859096,0.11781970434822142,0.5131103259045631,0.9130458519794047,0.8891423663590103,BB
84,SO7713651387,0.16421477193944156,0.38817449705675244,0.5414840430021286,0.6407042373903096,0.09912213170900941,SO
50,CS1121812755,0.9788508163765073,0.6705044636037201,0.26953758485615253,0.8218642252031714,0.3983188080601394,CS
89,MG5741425931,0.3974534966982901,0.9269885935354978,0.33733160072006285,0.49321856326423585,0.5353516552131623,MG
87,NA6257873387,0.06994508835487068,0.03628286952152848,0.24289040896110237,0.7795401134062558,0.9320348093751818,NA
26,MW1373388795,0.6896904627792537,0.49447958287782967,0.5481704825069755,0.3776076578069478,0.5891599899623543,MW
82,PW9937494739,0.2080296545755118,0.01203534472733736,0.46287059015594423,0.46584666799753904,0.6964072559494525,PW
30,BZ9997833635,0.9924313647206873,0.23095703916624188,0.46150196390226483,0.9843502182047814,0.8200465682893991,BZ
84,IN1144649111,0.7087477988097817,0.8964535011909902,0.2734425694216043,0.46029634843580425,0.4093526774086058,IN
64,RE9348739694,0.6686254839878529,0.49007442966103554,0.1309947520494461,0.8639802008401603,0.9290665166918188,RE
18,MA2998947235,0.8168034832924604,0.9310899316333234,0.4195858174934983,0.6050254928413779,0.08974300231784582,MA
14,MK9734761449,0.1389667282346636,0.5244581950828433,0.39475257252343,0.34677630476653576,0.5657119934912771,MK
1,VE1753128549,0.8170068755280226,0.29786038445308805,0.010603687725961208,0.10983050800859928,0.5789270789828151,VE
50,BD7249194123,0.3294568518176675,0.728611514903605,0.36690129386261106,0.6048986094538122,0.9721719019580632,BD
26,NA9232618431,0.07765478012152016,0.475161359179765,0.6384775531478226,0.4585077704396099,0.3313104687258601,NA
34,SY9717882372,0.5592634379863739,0.4851426749955863,0.9624652196653187,0.01030673272907734,0.8760408239904791,SY
79,DJ9833481872,0.5480609450023621,0.5525297317653894,0.050903674215078354,0.4685183137189597,0.2651661173440516,DJ
79,ID2618147537,0.2615495778154582,0.2628109557554126,0.42355405492708087,0.49414525111205876,0.46150105143897235,ID
22,SN9688967446,0.825744942529127,0.13261726265773177,0.06983660231344402,0.9009129961486906,0.018412404926493764,SN
45,US1677257994,0.5097113722003996,0.03466082154773176,0.6167002881411463,0.6821280301082879,0.13399276649579406,US
83,UM6863235597,0.9543275914620608,0.0037730922922492027,0.7196617058943957,0.3314864484127611,0.39227338158525527,UM
82,VG3393381423,0.22789077693596482,0.30618814402259886,0.1709201515186578,0.5722204579506069,0.6383518660441041,VG
64,IT6319936642,0.011970930499956012,0.5697037710342556,0.1141907109413296,0.45732972235418856,0.6260408195666969,IT
36,PY5431438565,0.16845699003897607,0.07637636829167604,0.5672719671856612,0.381173760863021,0.22434014012105763,PY
32,IL2356973292,0.16538926656357944,0.033188687171787024,0.30680127115920186,0.11303314124234021,0.54025734285824,IL
95,LT9457162822,0.2940152601804584,0.9320790248457342,0.44239825336262584,0.8102143125142902,0.08821165235713124,LT
18,MW1847719415,0.6358067230321467,0.17022496461868286,0.18152801669202745,0.12828675867058337,0.7656606540549546,MW
45,PF2161829475,0.2866235417313874,0.5059368321672082,0.0026922423858195543,0.044647014467045665,0.6259735459461808,PF
61,MG8552554323,0.5692842844873667,0.6073166101705283,0.2114511406980455,0.30344889569096267,0.4575500236824155,MG
19,BZ6757741286,0.7241063448600471,0.9433870781213045,0.8652063312474638,0.09415629343129694,0.9731607029680163,BZ
83,BY3172636841,0.7360628216993064,0.9352848283015192,0.3008861388079822,0.08443331881426275,0.6369366170838475,BY
54,YE5762538946,0.722045763162896,0.8739430578425527,0.8240497703664005,0.9856073115952313,0.8048629469703883,YE
18,MU9996858876,0.8212984520941973,0.7339916173368692,0.3963298664893955,0.3597379713319242,0.10267752152867615,MU
7,KW7989324586,0.3978130689356476,0.7332869651727378,0.4320326109882444,0.820701114833355,0.24049782333895564,KW
54,MU8454858784,0.7792942093219608,0.2222739807330072,0.6469326699152589,0.5017445650883019,0.17401887103915215,MU
61,AO4565662996,0.8416675936896354,0.1952737937681377,0.7131431743036956,0.5254018565174192,0.5950447416398674,AO
81,CV5172383279,0.9206419063266367,0.5028282031416893,0.4273581146262586,0.24956389656290412,0.20977261383086443,CV
87,SX6696268317,0.8021123607177287,0.7257623802870512,0.5619614110328257,0.24368724040687084,0.7370849391445518,SX
2,MF7616253465,0.737418910022825,0.45102583803236485,0.8052964534144849,0.38790375855751336,0.1130953545216471,MF
95,AD5332612375,0.3283365003298968,0.13854757160879672,0.2502581102307886,0.9349786613602191,0.8187178198713809,AD
3,PT6555868444,0.3484610910527408,0.2967522309627384,0.07507425080984831,0.5812778195831925,0.5825925073586404,PT
73,BT5311493738,0.627426250372082,0.06955561903305352,0.43565650354139507,0.6680973372422159,0.9653949211351573,BT
99,KN4249661732,0.12001623935066164,0.6280711712315679,0.12391369696706533,0.24952132953330874,0.1525296769104898,KN
82,PH9669127814,0.9734975120518357,0.835940744029358,0.7233462808653712,0.7375523820519447,0.6861335749272257,PH
94,WS4556819797,0.16668491228483617,0.19246578309684992,0.11018367088399827,0.4980475385673344,0.4678703551180661,WS
99,CZ1272217385,0.6409043779131025,0.32810621219687164,0.11972164129838347,0.07725487649440765,0.07899910141713917,CZ
5,GR1295532172,0.464296878548339,0.8181938852649182,0.8949137006420642,0.7223462185356766,0.03177059651352465,GR
44,SJ2215628311,0.04983467026613653,0.29535388899967074,0.3957183377351612,0.9403640083037317,0.977343259146437,SJ
61,BQ5732837535,0.38170989882200956,0.08231724053621292,0.09227244881913066,0.5940648487303406,0.8957731577102095,BQ
67,BM1298812711,0.6170718285720795,0.0481483805924654,0.7950118877924979,0.28141027432866395,0.6846430208534002,BM
19,CN8588796814,0.7409308147616684,0.6140516116283834,0.7372284315060824,0.7682395961601287,0.745135004632175,CN
50,AE9343115978,0.6209122815635055,0.9458509436808527,0.08186350553296506,0.4106700250413269,0.46986693353392184,AE
1,GL9125132156,0.7460938999429345,0.9718703457619995,0.08932373602874577,0.1776187806390226,0.9537216140888631,GL
34,AR7674342325,0.7744567571207881,0.21303632156923413,0.8805246802512556,0.11169105744920671,0.2555541193578392,AR
62,JP3945548997,0.6555669822264463,0.029771527275443077,0.980902875540778,0.9542816607281566,0.6719256418291479,JP
81,IN7792883964,0.49912242288701236,0.9413473955355585,0.7678024065680802,0.5066694195847958,0.9722546571865678,IN
18,AN9896845342,0.5542580541223288,0.4277107394300401,0.3626455906778574,0.6479089544154704,0.1452382921706885,AN
90,AQ3461281249,0.4993887725286186,0.6093457203824073,0.01247765845619142,0.8530968294944614,0.6300471336580813,AQ
1,BJ4562394234,0.470579274231568,0.21685642539523542,0.1768008186481893,0.6145018094684929,0.24330030824057758,BJ
41,AD6452333668,0.54446716932579875,0.25793311814777553,0.008851238759234548,0.6592780356295407,0.8749916537199169,AD
38,VA8743168262,0.09329478396102786,0.684626444010064,0.41700340691022575,0.19561925996094942,0.8527647098526359,VA
62,VG9949941539,0.8960702524054796,0.47572203003801405,0.6574134191032499,0.6230607908219099,0.16412075026892126,VG
35,SJ2938557784,0.9770358488894999,0.45748635078780353,0.8167727966792881,0.2777971455361694,0.6833172338083386,SJ
33,CU3778454288,0.7120202553924173,0.13490311871282756,0.01902182586491108,0.7786380674224347,0.45713129034265876,CU
98,IN4612938745,0.4834867832250893,0.8982992784585804,0.3466237401589751,0.38181086466647685,0.14768371148966253,IN
3,AU4685298442,0.8945614490658045,0.487976603442803,0.08038927777670324,0.9346311942208558,0.8358763325959444,AU
32,CS4924429258,0.6884620324708521,0.4847535223234445,0.9005719260312617,0.24693250190466642,0.4957489969674498,CS
87,CS3952821899,0.013695514062419534,0.8110690964385867,0.859997785417363,0.7322365241125226,0.4633439388126135,CS
19,AO7948188664,0.22549893357791007,0.4038624770473689,0.45308727980591357,0.20407692738808692,0.09560084529221058,AO
65,BA7566167915,0.8806079446803778,0.8098656085785478,0.27887384686619043,0.16229578224010766,0.8548855721019208,BA
30,CH2553447658,0.4465362576302141,0.708529751515016,0.5757952888961881,0.5977221787907183,0.03002864308655262,CH
32,CG4412812776,0.7752165840938687,0.38067819154821336,0.40901163942180574,0.8352641791570932,0.7070293645374477,CG
30,AF5751956698,0.4304250134155154,0.7708092597313225,0.4545699942391366,0.14426776068285108,0.5885663379449397,AF
41,IO9845436574,0.646493834676221,0.956556046847254,0.7949410262517631,0.6989973573945463,0.7950449348427355,IO
84,PG9597721552,0.2233755448833108,0.18793777143582702,0.8308103722520173,0.028701597591862082,0.6148906843736768,PG
50,SJ4621785854,0.9197978698648512,0.7393281816039234,0.48550946544855833,0.18532624281942844,0.7568843581248075,SJ
98,UM8891832859,0.936758573865518,0.25149114173837006,0.4890762763097882,0.5954766478389502,0.8793975405860692,UM
30,SY2372175725,0.44189750659279525,0.10864710551686585,0.7429340987000614,0.40783209213986993,0.6964839834254235,SY
34,SZ5175176968,0.2606833605095744,0.16922573768533766,0.9414821660611778,0.6869915849529207,0.8505781455896795,SZ
97,NR4947578642,0.3048787643201649,0.9727809180039912,0.4219746673479676,0.787154569523409,0.04923953837715089,NR
98,PA5848929659,0.1287864800542593,0.1914082570001483,0.4609147438313812,0.6139657264575362,0.593322078930214,PA
14,CV3192633325,0.18722953950054944,0.2670088089071214,0.8799386522732675,0.02418965776450932,0.7323663339484483,CV
94,GS2891862377,0.3911496279761195,0.6647979391273111,0.015491224825382233,0.6798003481235355,0.24595638504251838,GS
61,GN5355475222,0.884774191537872,0.7580117650795728,0.5514333406463265,0.9776519986335188,0.26395891583524644,GN
81,NL1298869945,0.7092901614960283,0.6068984614685178,0.7177552622742951,0.443535050842911,0.38007025490514934,NL
32,TN7441331852,0.16493066609837115,0.5346799199469388,0.8392180292867124,0.5364268505945802,0.44987622974440455,TN
80,TM6219197648,0.37473291624337435,0.09245897433720529,0.635084968758747,0.8635567924939096,0.28437733463943005,TM
80,VN1533438161,0.7797402436845005,0.2588617061264813,0.643937059910968,0.5437898684758693,0.8233320883009583,VN
27,SY9555349919,0.012999036815017462,0.7421942814253271,0.2979643631260842,0.36417517834343016,0.4054172136820853,SY
65,GM6754147662,0.4744308164808899,0.8598736156709492,0.5782693575602025,0.48133816150948405,0.30391363240778446,GM
14,KP6888195875,0.4696603980846703,0.32016026717610657,0.5186754809692502,0.5353863760828972,0.7245529838837683,KP
81,VU5447118376,0.404311252059415,0.6211543492972851,0.25113508221693337,0.03110553161241114,0.5458183966111392,VU
50,SH5814788623,0.7635968578979373,0.3517636670731008,0.9181022024713457,0.1957382324617356,0.539247386623174,SH
28,PY2785113244,0.111480628605932,0.933874093927443,0.07953928271308541,0.3498743704985827,0.904390872688964,PY
73,PY8788997677,0.24305827636271715,0.526744821574539,0.7343083077576011,0.005383320618420839,0.13476684829220176,PY
73,AG8936539981,0.8936133305542171,0.33189188688993454,0.5973790511488914,0.3792797757778317,0.8895950925070792,AG
87,BZ8753297975,0.1489203756209463,0.09010282042436302,0.6791361938230693,0.059904928086325526,0.42087791371159256,BZ
41,PH3814427119,0.8814434073865414,0.8457039836794138,0.9316425265278667,0.06675400049425662,0.9347719005309045,PH
81,HN6775832487,0.5290675514843315,0.5846422526519746,0.43201272934675217,0.8772419046144933,0.3038829530123621,HN
18,BL9241934423,0.6091575366444886,0.6283782883547246,0.6554087626282126,0.5908379799220711,0.0014184939209371805,BL
79,AU7324392826,0.10126653080806136,0.45286022895015776,0.6804886413738132,0.5248078051954508,0.7207826878875494,AU
7,BD6793822615,0.10788477072492242,0.7356034670956433,0.08553399634547532,0.14670087001286447,0.4991945819929242,BD
5,CA7927283394,0.7307082824409008,0.5033121642190963,0.5692470462527126,0.9451371387112886,0.2053641660604626,CA
27,FO5658626859,0.09080141503363848,0.2577040009200573,0.9255988467484713,0.8364604089874774,0.26452624797821045,FO
47,AU2472889642,0.7676557153463364,0.5922291376627982,0.9802467219997197,0.4949124986305833,0.6541419925633818,AU
94,PK7844157356,0.4596781861037016,0.7403708535712212,0.03556097322143614,0.42900863545946777,0.8331764242611825,PK
94,CS5339534561,0.9543756446801126,0.967544830404222,0.5890072383917868,0.6592432269826531,0.45392127917148173,CS
36,NA1512879951,0.8670933523681015,0.9259114430751652,0.30489945877343416,0.2617537996266037,0.4059156975708902,NA
47,CO1367368137,0.7536973503883928,0.2576272850856185,0.4103962837252766,0.5225298888981342,0.7219165237620473,CO
90,ST5265644628,0.56219811597839,0.4369000759907067,0.6552258825395256,0.805251651443541,0.4594754809513688,ST
47,KH8652317631,0.6794082880951464,0.4293122363742441,0.8773687130305916,0.577674450352788,0.061257458524778485,KH
73,MT5833911511,0.5168117671273649,0.08827292895875871,0.26105388277210295,0.2371099148876965,0.5081602486316115,MT
54,PF5516945674,0.020368704572319984,0.12897521280683577,0.7981628640554845,0.650265313219279,0.5131024338770658,PF
34,CD3772353964,0.43211962352506816,0.8938630884513259,0.1509175430983305,0.3437895483803004,0.026763654313981533,CD
99,PH5219151883,0.9685807644855231,0.747037069639191,0.7168811014853418,0.3809316447004676,0.09924429748207331,PH
54,IS2321377482,0.23908144677989185,0.24155084928497672,0.9780574829783291,0.18109645484946668,0.5638553826138377,IS
38,NG9532813233,0.28652207367122173,0.44309546472504735,0.7124985451810062,0.4540977799333632,0.18752925610169768,NG
64,CU7138814591,0.4948556323070079,0.0013081722427159548,0.9864184281323105,0.2100084803532809,0.3990041818469763,CU
1,VG5357429257,0.674191678641364,0.92574990587309,0.826113345567137,0.7859758257400244,0.04038299433887005,VG
14,FI9511144345,0.34354525338858366,0.5222540707327425,0.42346566054038703,0.6570541465189308,0.8333856691606343,FI
1,GP6982368179,0.012045615119859576,0.6984549753833562,0.9091885655652732,0.6223789236973971,0.6002808725461364,GP
2,BB1496511933,0.5340838499832898,0.4618706740438938,0.9332119219470769,0.8134342588018626,0.14120021928101778,BB
44,GI8251518226,0.8124792131129652,0.32070464943535626,0.09246866474859416,0.8523927475325763,0.628006786108017,GI
67,VA5454361464,0.8866203757934272,0.14376176963560283,0.6943741019349545,0.9238566784188151,0.01668089651502669,VA
49,RW4642626698,0.3478162372484803,0.914308161707595,0.42122051399201155,0.7433747886680067,0.9783082026988268,RW
45,FO3416966785,0.4333181462716311,0.6818649347405881,0.600561838131398,0.34041725005954504,0.936336379032582,FO
73,CX7535643977,0.9091927227564156,0.0013515688478946686,0.15437696082517505,0.4624047304969281,0.9364608980249614,CX
61,MO4171752385,0.5374904940836132,0.7574581189546734,0.9146757437847555,0.7634941551368684,0.3116949878167361,MO
32,ID4919478257,0.3093308419920504,0.4683015870396048,0.4511200333945453,0.21232278901152313,0.11625770968385041,ID
62,TW5918734654,0.474897981621325,0.6103864964097738,0.8812940700445324,0.4209834486246109,0.5429219037760049,TW
45,BV9584377775,0.08642258332110941,0.4672309230081737,0.40187141159549356,0.4764428965281695,0.48860461404547095,BV
50,SK3511149675,0.9027649613562971,0.44410676090046763,0.7942455566953868,0.27667954098433256,0.4943602120038122,SK
36,CV2345572155,0.9612273960374296,0.18644990725442767,0.2715230837929994,0.14253901643678546,0.9941018021199852,CV
99,ER2476431729,0.16046872967854142,0.8761667746584862,0.3273614230565727,0.9334747327957302,0.3205679366365075,ER
38,LY6686816269,0.7668978539295495,0.37383131799288094,0.21534118661656976,0.24310968653298914,0.8547878048848361,LY
81,CF4756486682,0.34003424528054893,0.6629973519593477,0.36675284896045923,0.3686678509693593,0.2503642304800451,CF
50,SX6365451161,0.607526529347524,0.4473739757668227,0.5957272734958678,0.45358083094470203,0.03081414708867669,SX
1,CM5392717992,0.80675875605084,0.04539891751483083,0.7686133447568864,0.11189704015851021,0.8076191481668502,CM
83,ME6532817522,0.6081751661840826,0.5480983415618539,0.061422086553648114,0.1288342704065144,0.6200409953016788,ME
65,EE7454982866,0.702930408064276,0.914571727393195,0.7604672086890787,0.9904306570533663,0.4685781365260482,EE
35,NR7548489971,0.4153203961905092,0.05091638211160898,0.9806468219030648,0.03947861026972532,0.4679227750748396,NR
45,ST5617858238,0.14171291957609355,0.4173910536337644,0.5897122137248516,0.4654479210730642,0.3051493503153324,ST
32,TR3672294476,0.5647534469608217,0.20963373803533614,0.9933471316471696,0.5780466075520962,0.30681766755878925,TR
32,BV7166899347,0.8390888054855168,0.8140098319854587,0.012843621661886573,0.336601585149765,0.21226904215291142,BV
38,CS3643912178,0.798720822436735,0.6714108444284648,0.34707990614697337,0.16142258304171264,0.9078514582943171,CS
3,IS1361413187,0.8574383617378771,0.9611479339655489,0.5506598148494959,0.34559537866152823,0.6375819195527583,IS
34,DO4143174966,0.8551057104486972,0.701996183488518,0.6686804136261344,0.08403168059885502,0.4148430600762367,DO
67,AR4644743317,0.25754736294038594,0.12708362378180027,0.01888501923531294,0.6769717065617442,0.2369834950659424,AR
22,IR9351623469,0.08656948548741639,0.4748109490610659,0.5226716906763613,0.46141774230636656,0.7340801581740379,IR
67,PW2117574233,0.37711121677421033,0.49026953405700624,0.6317981674801558,0.8248298582620919,0.4430834027007222,PW
1,CA3959513317,0.5871369286905974,0.9051167934667319,0.8559440074022859,0.1444899975322187,0.5727021230850369,CA
33,LY3419433137,0.5540253133513033,0.6976576123852283,0.5528957052156329,0.9375719607342035,0.9394206441938877,LY
44,GE8459733292,0.4999628614168614,0.3328811461105943,0.3405644556041807,0.19534456776455045,0.5670575830154121,GE
98,TH6162482824,0.767397936200723,0.3261163712013513,0.7236350956372917,0.9097174094058573,0.20011101616546512,TH
39,KR8893373676,0.005328802857547998,0.682344017084688,0.7497902133036405,0.8559296282473952,0.13076201686635613,KR
49,BQ5237913997,0.7433607650455087,0.48633037135005,0.2501813303679228,0.4263087287545204,0.43911809707060456,BQ
79,SS5115874888,0.3023334392346442,0.4168937720824033,0.6577064835000783,0.41304401820525527,0.5499219184275717,SS
54,SO1123863497,0.07677215849980712,0.5145518749486655,0.026939965784549713,0.10213469248265028,0.14517876994796097,SO
98,AO7613173727,0.5355230025015771,0.022489099763333797,0.6773528922349215,0.37341480422765017,0.8859406553674489,AO
28,RW7285149935,0.6882875429000705,0.8600711496546865,0.8562439267989248,0.40924895158968866,0.9093896737322211,RW
75,FR9238598188,0.7778448357712477,0.2731695210095495,0.9644079776480794,0.5777600121218711,0.5442215325310826,FR
75,MG3395314284,0.5314275904092938,0.32203783141449094,0.24207242112606764,0.8794428836554289,0.8462007569614798,MG
47,KR7325785585,0.08017920283600688,0.890170366037637,0.13830414391122758,0.3679990235250443,0.07364523271098733,KR
46,BF4656143193,0.7198141911067069,0.6084573930129409,0.7429347254801542,0.6538175235036761,0.8718815881293267,BF
32,DJ5751948754,0.4714767013210803,0.5208808924071491,0.8654930603224784,0.6110217282548547,0.021628409856930375,DJ
22,CV4983323531,0.13613171060569584,0.3854129125829786,0.3493023954797536,0.2962034128140658,0.7103993594646454,CV
19,AX9468723188,0.3535084165632725,0.846417288063094,0.12182585592381656,0.2737261215224862,0.9202448462601751,AX
94,AF9212288162,0.4736539872828871,0.17087704129517078,0.8435801519080997,0.8958321204409003,0.0059878898318856955,AF
79,CR8435359435,0.401366313919425,0.8901229477487504,0.5163059984333813,0.8846666621975601,0.15337821003049612,CR
39,MK6765333678,0.6086422752123326,0.835598531877622,0.19334485055878758,0.0628494000993669,0.06069339741952717,MK
33,TW4959294271,0.6485875251237303,0.7163249829318374,0.5227471499238163,0.11116325086914003,0.8673591362312436,TW
18,CL5471435155,0.4202622827142477,0.22084360057488084,0.8953716875985265,0.9803849540185183,0.6909150290302932,CL
26,AX9463182516,0.36367682344280183,0.1290147826075554,0.07631036196835339,0.6145581838209182,0.25786106707528234,AX
90,KE5251799475,0.6270607148762792,0.21828839858062565,0.8076891743112355,0.8493732868228108,0.21504758461378515,KE
94,PH3491334871,0.06379548204131424,0.5104489992372692,0.03501633461564779,0.335091918008402,0.16956274560652673,PH
47,MM6638664923,0.1137824528850615,0.4275434296578169,0.7363340924493968,0.13910234905779362,0.5209583127871156,MM
26,AD2587777666,0.8873423500917852,0.7205151366069913,0.44702123827300966,0.20422402885742486,0.6303198344539851,AD
46,HK9196422858,0.7401604102924466,0.35517641389742494,0.5731284080538899,0.8765536912251264,0.8063997915014625,HK
73,BT4851839825,0.23379671550355852,0.4953929444309324,0.9680347021203488,0.729111434193328,0.5415710501838475,BT
35,LI1152339163,0.9811092624440789,0.32843762054108083,0.4685427180957049,0.927523722872138,0.43595680641010404,LI
99,CO5981684779,0.7672523406799883,0.4057119656354189,0.8055031157564372,0.5090671952348202,0.2267509219236672,CO
61,YE5761495446,0.4542560044210404,0.8999306061305106,0.4187385248951614,0.9914158422034234,0.8543833396397531,YE
19,KZ4161585426,0.2931853726040572,0.10939535801298916,0.06347901420667768,0.22563982149586082,0.8484525210224092,KZ
38,GB7827298673,0.8291249151807278,0.704388834303245,0.5863885916769505,0.20353966718539596,0.5650741462595761,GB
98,LA5939886215,0.8930969596840441,0.5893097841180861,0.8438540254719555,0.5495726165827364,0.7901726393029094,LA
80,AW5217915917,0.6469055255874991,0.08662297041155398,0.05083406390622258,0.94476866023615,0.3595293222460896,AW
75,TD8441874952,0.6617583152838051,0.8215078813955188,0.4379548574797809,0.8939092897344381,0.1618872918188572,TD
46,MY9822246856,0.4872106700204313,0.3352332143113017,0.4663774867076427,0.9345459509640932,0.6011517986189574,MY
73,KP9476229596,0.7353239806834608,0.9171070286538452,0.13942402321845293,0.3011180271860212,0.06995964236557484,KP
44,RE9753448547,0.7813877929002047,0.1161705139093101,0.7447149069048464,0.8652035004924983,0.6628793482668698,RE
19,SK7565869469,0.14451454184018075,0.5103550681378692,0.48460521758534014,0.7170104121323675,0.7784373301547021,SK
7,MQ8498748555,0.5256406241096556,0.588329803198576,0.09466566634364426,0.21508928178809583,0.7673557852394879,MQ
49,BI8237542391,0.2984312530606985,0.5855552149005234,0.5586922485381365,0.2720045684836805,0.3006813784595579,BI
50,DJ5636964111,0.8667786533478647,0.6102256791200489,0.5735660952050239,0.715862542623654,0.18730248976498842,DJ
94,LI9126279473,0.4696076135151088,0.8793942066840827,0.02340078284032643,0.6400855041574687,0.0744332573376596,LI
97,CX5564699718,0.0032249309588223696,0.9330987299326807,0.3090995631646365,0.3556638907175511,0.4105586514342576,CX
67,DE5664213287,0.8393120169639587,0.7210223358124495,0.604105235543102,0.20136813982389867,0.6524184052832425,DE
32,MA8864687526,0.3934769828338176,0.3727085611317307,0.9884565924294293,0.6902260477654636,0.8594627471175045,MA
95,IE4789427588,0.8847418774385005,0.5138514204882085,0.09937090147286654,0.521823724033311,0.8202429271768779,IE
18,MC8279547678,0.995696387020871,0.07461863057687879,0.9323432000819594,0.7913647817913443,0.6411850212607533,MC
5,TD4435779474,0.7799179372377694,0.3512014797888696,0.6488353612367064,0.6132845506072044,0.0882027791813016,TD
47,SR1474786567,0.18706596456468105,0.5646644460503012,0.6884171245619655,0.39388389769010246,0.9542028899304569,SR
89,GI2659351172,0.22587365610525012,0.2827286194078624,0.3284536604769528,0.7053379116114229,0.4522478268481791,GI
34,TF9569333336,0.9596001973841339,0.18936244398355484,0.6263747459743172,0.1400740034878254,0.08158310921862721,TF
75,LY5933921198,0.08318297821097076,0.924952384782955,0.22544813877902925,0.12796005560085177,0.0695017275866121,LY
61,GL7843714986,0.3311255597509444,0.8098851221147925,0.9692545952275395,0.21967638796195388,0.8514148266986012,GL
2,VC1475162113,0.7274603936821222,0.981189661892131,0.6116410202812403,0.7046840738039464,0.3378346306271851,VC
90,BN8357755181,0.9142946724314243,0.8672893543262035,0.41014991234987974,0.28306272625923157,0.46112939342856407,BN
7,AG2235994762,0.2779075992293656,0.04981227405369282,0.6215440495871007,0.41219379217363894,0.022866942919790745,AG
26,TR1761499519,0.23174859257414937,0.39168492518365383,0.43436446180567145,0.030982984229922295,0.3726720749400556,TR
22,SH4429191726,0.762062513269484,0.46288759470917284,0.9309914587065578,0.8516174464020878,0.3689430132508278,SH
NA,HK9294898999,0.8546783630736172,0.8255626480095088,0.32173747196793556,0.96494034375064075,0.24682847480289638,HK
NA,AN1876397579,0.3322665474843234,0.8722841376438737,0.018349641701206565,0.5832082331180573,0.2897179324645549,AN
NA,SC1669287869,0.9294869515579194,0.8303358356934041,0.9848039816133678,0.18859881488606334,0.8967536331620067,SC
NA,MO4112796153,0.6179494415409863,0.6082416076678783,0.039964676136150956,0.6715075010433793,0.8400066117756069,MO
NA,LT3818222844,0.8517809484619647,0.20670200255699456,0.030035932082682848,0.5677234693430364,0.6960312633309513,LT
NA,AF5831514869,0.11413491074927151,0.5887742203194648,0.7894286420196295,0.7445680589880794,0.22083779168315232,AF
NA,SL9917349163,0.813573932973668,0.19304836704395711,0.39422342204488814,0.9346435389015824,0.4214609276968986,SL
NA,PE7825445877,0.3979420713149011,0.4789566067047417,0.18400901439599693,0.8535912272054702,0.8106279098428786,PE
NA,MX4198985378,0.3667047289200127,0.5319095605518669,0.0453805651050061,0.41255078208632767,0.3340101051144302,MX
NA,DJ6332532636,0.7872671415098011,0.39577495702542365,0.9010325346607715,0.32568722241558135,0.7063327569048852,DJ
NA,MP2825623637,0.2094448353163898,0.4206492870580405,0.8885607451666147,0.857993793906644,0.5384506087284535,MP
NA,CI6356718155,0.2789048294071108,0.54051547893323,0.286483216797933,0.16535071446560323,0.7133182403631508,CI
NA,BY5763842681,0.6452181404456496,0.42609320138581097,0.9827108129393309,0.7239629446994513,0.591216447763145,BY
NA,KN2781467972,0.9818736754823476,0.7549916966818273,0.8381832893937826,0.37478943867608905,0.3966396132018417,KN
NA,NL2599272651,0.36163749964907765,0.7050407694187015,0.039144949056208134,0.7972791721113026,0.5152232761029154,NL
NA,PG5277389323,0.02783252066001296,0.4003176928963512,0.036784262862056494,0.3480685113463551,0.9278120012022555,PG
NA,UA6996572666,0.47810848033986986,0.21113418601453304,0.10764826135709882,0.28799376427195966,0.7295495118014514,UA
NA,GL8744915886,0.10283234063535929,0.3566770975012332,0.654538334114477,0.42384167155250907,0.1924339486286044,GL
NA,JO4362993423,0.2022390328347683,0.9100024113431573,0.7085456859786063,0.049088871804997325,0.3437657111790031,JO
NA,GY9992284296,0.13150719623081386,0.5766171705909073,0.397995263338089,0.9608866234775633,0.9233937433455139,GY
NA,ID7776795353,0.22212358773685992,0.43900116533041,0.6551416965667158,0.9889400661922991,0.9371015611104667,ID
NA,MX5977655175,0.48705699760466814,0.12642545672133565,0.8021852176170796,0.5000183903612196,0.24943356541916728,MX
NA,ML8615915578,0.8622609947342426,0.7900884861592203,0.9676544547546655,0.28264273423701525,0.15849479543976486,ML
NA,AE2267238766,0.19066877383738756,0.443519088672474,0.7422152711078525,0.16085615381598473,0.9802748335059732,AE
NA,FO9171411565,0.40774576109834015,0.19358874554745853,0.9440268252510577,0.4100366192869842,0.15616849507205188,FO
NA,US6469594526,0.3850295818410814,0.3661116077564657,0.2458994430489838,0.41967807803303003,0.4342459999024868,US
NA,CO6713812218,0.15358738997019827,0.3845627475529909,0.9395339293405414,0.8771626481320709,0.9533800981007516,CO
NA,TO4828826318,0.32005051732994616,0.689499540021643,0.06504161353223026,0.14644692186266184,0.47150522004812956,TO
NA,NO2417154823,0.06955775548703969,0.39313605753704906,0.6148616322316229,0.7731178130488843,0.20784772699698806,NO
NA,CO5657138675,0.005289003951475024,0.8401925270445645,0.9117432846687734,0.23012405983172357,0.45041262451559305,CO
NA,AF5229161678,0.3267995323985815,0.00896139582619071,0.03694824269041419,0.32142488728277385,0.15503330412320793,AF
NA,ST2167784592,0.7489648284390569,0.30463171610608697,0.9688166731502861,0.027161567704752088,0.3887439623940736,ST
NA,NC6444345621,0.35677607310935855,0.9744108675513417,0.7966525377705693,0.15119944931939244,0.36836783098988235,NC
NA,CA5128983945,0.6281771180219948,0.9513727347366512,0.47742513357661664,0.21938005462288857,0.26173618552275,CA
NA,BI2339843896,0.027119493344798684,0.5430282147135586,0.3523171797860414,0.017366703134030104,0.4685580108780414,BI
NA,AO3269275292,0.7384172363672405,0.9373536673374474,0.7629302083514631,0.6322823490481824,0.5873552397824824,AO
NA,EH1178718815,0.48543941765092313,0.2706268427427858,0.019962815567851067,0.5871447857934982,0.05278603499755263,EH
NA,TR8842163338,0.5817355383187532,0.39403493190184236,0.6769181785639375,0.9255863602738827,0.246114247944206,TR
NA,IL5245925826,0.7861070216167718,0.4463892944622785,0.9983231977093965,0.018426932161673903,0.617693544132635,IL
NA,DO5982945917,0.21923642023466527,0.6371964155696332,0.7673835253808647,0.1740119932219386,0.04355591698549688,DO
NA,GU2218366291,0.513231378979981,0.5460876547731459,0.39251714828424156,0.31217483850196004,0.7967542265541852,GU
NA,DZ2169617917,0.1984311304986477,0.19752482534386218,0.9744963131379336,0.6135536802466959,0.781108446419239,DZ
NA,BG6314155271,0.20773471682332456,0.8697617442812771,0.9096103676129133,0.04846784728579223,0.38439126312732697,BG
NA,KI1274736547,0.19364884472452104,0.24428148567676544,0.2273964094929397,0.24283263529650867,0.6383675951510668,KI
NA,PF6153283286,0.19516640109941363,0.360769402468577,0.30178745393641293,0.9340506887529045,0.4256564495153725,PF
NA,TM4117723356,0.5855389435309917,0.49497327697463334,0.6226079848129302,0.9542834518942982,0.0709453213494271,TM
NA,DM3734873871,0.6209222143515944,0.40019726497121155,0.23981154640205204,0.09542369679547846,0.08913471782580018,DM
NA,MX6866265927,0.38030225969851017,0.3412187381181866,0.40739677706733346,0.217560566496104,0.8283501260448247,MX
NA,SZ5814482477,0.38353282818570733,0.846886225277558,0.008696825010702014,0.8619434563443065,0.24081853264942765,SZ
NA,PT2416925481,0.5070842707064003,0.7709496272727847,0.9196604583412409,0.36404023179784417,0.3567535965703428,PT
NA,SR1844461461,0.5282084897626191,0.2953103103209287,0.20579607388935983,0.8763549108989537,0.44461892917752266,SR
NA,KN8487358369,0.6285593844950199,0.9259530364070088,0.8571741846390069,0.46584756672382355,0.38946753228083253,KN
NA,NI3824679317,0.02125032595358789,0.9161569376010448,0.07638344587758183,0.9195970806758851,0.23082486679777503,NI
NA,AS2151377841,0.6977929505519569,0.3713533147238195,0.763010464143008,0.4479482932947576,0.7407522443681955,AS
NA,ME4785441732,0.5765680035110563,0.42949945689179003,0.8621809310279787,0.16584422998130322,0.21418008557520807,ME
NA,CU4395663552,0.30055395304225385,0.3899044019635767,0.2966760906856507,0.8037173096090555,0.24739950336515903,CU
NA,SS8569933754,0.9011825926136225,0.790104330284521,0.9209996974095702,0.6283329862635583,0.7710821111686528,SS
NA,MV3853336616,0.9035438059363514,0.6557025087531656,0.8650812171399593,0.99655252834782,0.32696291664615273,MV
NA,MD4159332917,0.46216001617722213,0.37298499699682,0.9065478178672493,0.1564002085942775,0.1741818180307746,MD
NA,TZ1588727856,0.3059358282480389,0.6858638413250446,0.22573540499433875,0.0833400224801153,0.6929308155085891,TZ
NA,ME4893682391,0.440820429706946,0.5119840386323631,0.11069306405261159,0.4382503910455853,0.885318850632757,ME
NA,NL9455978672,0.9526212099008262,0.5977035567630082,0.5996471722610295,0.8552616476081312,0.5265210552606732,NL
NA,AO9317117753,0.7659087458159775,0.7367252423427999,0.16539661237038672,0.11284852540120482,0.4813136358279735,AO
NA,IR3798461548,0.12080441671423614,0.48709523398429155,0.950278433971107,0.8363297993782908,0.1507846878375858,IR
NA,QA2977879243,0.23906950023956597,0.6239399525802583,0.8412640474271029,0.7534188935533166,0.09605004522018135,QA
NA,CY1377376582,0.02352928533218801,0.7919492502696812,0.29532699123956263,0.3197636310942471,0.15402156300842762,CY
NA,GE6575678658,0.7059547244571149,0.9207026199437678,0.23817305965349078,0.03545085107907653,0.5680837219115347,GE
NA,MM6283183585,0.4833658915013075,0.06828050315380096,0.44126279931515455,0.8468183998484164,0.14382309606298804,MM
NA,VA1518611321,0.6607290762476623,0.8978818003088236,0.12153839599341154,0.8283317515160888,0.7244875074829906,VA
NA,HR4599666843,0.22358692507259548,0.20695218141190708,0.012310398742556572,0.19568144180811942,0.5558273389469832,HR
NA,TC2223746889,0.4041757208760828,0.029386001406237483,0.6042182785458863,0.6224906805437058,0.26689089462161064,TC
NA,TD5995424511,0.7088446675334126,0.22609168640337884,0.8624407374300063,0.6073399127926677,0.4181142358575016,TD
NA,TZ1751971821,0.9035971197299659,0.5282454048283398,0.7799057534430176,0.42686316603794694,0.4633264965377748,TZ
NA,CU2748195385,0.37455039750784636,0.21552601619623601,0.36296924226917326,0.7059236592613161,0.6160403729882091,CU
NA,GR2663145917,0.9864149757195264,0.7996854146476835,0.6509957995731384,0.9908210204448551,0.16672110720537603,GR
NA,AZ9183733328,0.4744414505548775,0.8933955032844096,0.8227008930407465,0.37946000904776156,0.9977614539675415,AZ
NA,SD1982838322,0.738619803218171,0.45313386409543455,0.4237927447538823,0.6076790757942945,0.20822896622121334,SD
NA,TV6126944277,0.7578295134007931,0.9931623202282935,0.04582850681617856,0.48299778485670686,0.87897770665586,TV
NA,ZA8281722358,0.731697290437296,0.14229370444081724,0.4058714772108942,0.04369942005723715,0.2228392211254686,ZA
NA,SD8887711863,0.6137262675911188,0.2952968596946448,0.5842115893028677,0.13050761609338224,0.772919045528397,SD
NA,ET1641964148,0.3820643597282469,0.42670890828594565,0.597557696281001,0.3067041914910078,0.11941663245670497,ET
NA,VN5834647385,0.7530313187744468,0.8069302798248827,0.662244240520522,0.25488072680309415,0.8538272962905467,VN
NA,UM7357912427,0.12077720835804939,0.5399876846931875,0.7420002620201558,0.4803748370613903,0.9094961166847497,UM
NA,GW7244627666,0.16876525292173028,0.9174516594503075,0.720911961980164,0.2587058306671679,0.8770161280408502,GW
NA,DZ3711839467,0.9622794499155134,0.9287841087207198,0.3583378246985376,0.7351264678873122,0.6240214023273438,DZ
NA,CN6278649378,0.015865699155256152,0.009166193194687366,0.9784163904841989,0.41902342694811523,0.6145119469147176,CN
NA,GM8474716394,0.5817696275189519,0.9490945118013769,0.7513346711639315,0.7419670042581856,0.6158254644833505,GM
NA,GR4723591229,0.5585970571264625,0.002755607245489955,0.7969929417595267,0.5511455324012786,0.5762102110311389,GR
NA,SO5487176146,0.32022477593272924,0.6213053127285093,0.7050225203856826,0.43351014028303325,0.7892451996449381,SO
NA,TW7658441795,0.5341814013663679,0.4416945728007704,0.9156610288191587,0.795598506461829,0.9691108546685427,TW
NA,MD7629141438,0.5024420735426247,0.3922134314198047,0.09870643098838627,0.3661695902701467,0.3449175776913762,MD
NA,VG8692577329,0.4206299181096256,0.2878013376612216,0.03739309497177601,0.5740656838752329,0.08012288622558117,VG
NA,GU7622256596,0.8736515010241419,0.07957880245521665,0.020728060510009527,0.748539563966915,0.05363142350688577,GU
NA,ST5717146786,0.6610618412960321,0.1579948386643082,0.439589062705636,0.9089649994857609,0.596219785977155,ST
NA,DE7224777732,0.37341490597464144,0.283440068596974,0.9250170851591974,0.1334115236531943,0.7412093488965183,DE
NA,CU5386132154,0.5475717163644731,0.2783713552635163,0.3379058020655066,0.5584905727300793,0.1266079260967672,CU
NA,FI3732331514,0.3377542367670685,0.13098338921554387,0.47203431534580886,0.7008883582893759,0.30028280708938837,FI
NA,CV7374154215,0.4192324262112379,0.8390969722531736,0.21236974489875138,0.04129042266868055,0.13091045408509672,CV
NA,LS8622222319,0.21942133619450033,0.20841271593235433,0.5812204873654991,0.011791887693107128,0.27666072081774473,LS
NA,MS9293241353,0.617559818085283,0.9471338444855064,0.8332232316024601,0.17085301945917308,0.19306466216221452,MS
